{
  "title": "Session 5 - Node Selector",
  "description": "Session 5 for Kubernetes Workshop",
  "difficulty": "Beginner",
  "time": "5 - 10 minutes",
  "details": {
    "steps": [
      {
        "title": "Step 1",
        "code": "foreground.sh",
        "text": "step1.md"
      },
      {
        "title": "Step 2",
        "text": "step2.md"
      },
      {
        "title": "Step 3",
        "text": "step3.md"
      }
    ],
    "intro": {
      "courseData": "env-init.sh",
      "text": "intro.md"
    },
    "assets": {
      "host01": [
        {"file": "example-node-selector.yaml", "target": "/usr/local/bin/", "chmod": "+x"}
      ]
    },
    "finish": {
      "text": "finish.md"
    }
  },
  "environment": {
    "uilayout": "terminal"
  },
  "backend": {
    "port": 30000,
    "imageid": "minikube-running"
  }
}